mach,T_over_T0,p_over_p0,rho_over_rho0,A_over_Astar
0.10,0.99800,0.99303,0.99502,5.82183
0.30,0.98232,0.93947,0.95638,2.03507
0.50,0.95238,0.84302,0.88517,1.33984
0.80,0.88652,0.65602,0.74000,1.03823
1.00,0.83333,0.52828,0.63394,1.00000
1.50,0.68966,0.27240,0.39498,1.17617
2.00,0.55556,0.12780,0.23005,1.68750
2.50,0.44444,0.05853,0.13169,2.63672
3.00,0.35714,0.02722,0.07623,4.23457
4.00,0.23810,0.00658,0.02766,10.71875
5.00,0.16667,0.00189,0.01134,25.00000
