M1,M2,p2_over_p1,rho2_over_rho1,T2_over_T1,p02_over_p01
1.10,0.91177,1.24500,1.16908,1.06494,0.99893
1.20,0.84217,1.51333,1.34161,1.12799,0.99280
1.50,0.70109,2.45833,1.86207,1.32022,0.92979
2.00,0.57735,4.50000,2.66667,1.68750,0.72087
2.50,0.51299,7.12500,3.33333,2.13750,0.49902
3.00,0.47519,10.33333,3.85714,2.67901,0.32834
4.00,0.43496,18.50000,4.57143,4.04688,0.13876
5.00,0.41523,29.00000,5.00000,5.80000,0.06172
8.00,0.39289,74.50000,5.56522,13.38690,0.00849
