temperature_K,ionization_fraction
4000,0.0000067
5000,0.0004088
6000,0.0064846
7000,0.0466755
8000,0.1941204
9000,0.4998423
10000,0.8071719
11000,0.9453901
12000,0.9842835
13000,0.9948227
14000,0.9980410
15000,0.9991650
16000,0.9996070
17000,0.9997990
18000,0.9998899
19000,0.9999360
20000,0.9999609
25000,0.9999942
30000,0.9999985
