case,triangles,volume_DT,volume_true,rel_error
unit cube,12,1.000000,1.000000,0.00e+00
regular tetrahedron,4,0.333333,0.333333,0.00e+00
icosphere refine=0,20,2.536151,4.188790,3.95e-01
icosphere refine=2,320,4.047045,4.188790,3.38e-02
icosphere refine=4,5120,4.179739,4.188790,2.16e-03
