n,green_line,green_area,green_relerr,stokes_circ,stokes_curlflux,stokes_relerr
50,6.266662,6.250729,2.536e-03,6.266662,6.250729,2.536e-03
100,6.279052,6.258953,3.199e-03,6.279052,6.258953,3.199e-03
200,6.282152,6.275397,1.075e-03,6.282152,6.275397,1.075e-03
400,6.282927,6.280363,4.081e-04,6.282927,6.280363,4.081e-04
800,6.283121,6.281995,1.791e-04,6.283121,6.281995,1.791e-04
