mode,eigenvalue_lambda_over_k_over_m,frequency_omega_over_sqrt_k_over_m,mode_shape_m1,mode_shape_m2,mode_shape_m3
1,0.585786,0.765367,0.500000,0.707107,0.500000
2,2.000000,1.414214,0.707107,0.000000,-0.707107
3,3.414214,1.847759,0.500000,-0.707107,0.500000
