cluster_offset,var_two_pass,var_welford,var_naive_single_pass,rel_err_welford,rel_err_naive
0e+00,9.957318e-07,9.957318e-07,9.957318e-07,1.489e-15,0.000e+00
1e+02,1.014046e-06,1.014046e-06,1.014045e-06,2.487e-13,6.566e-07
1e+04,1.027703e-06,1.027703e-06,1.025493e-06,1.253e-10,2.150e-03
1e+06,9.860798e-07,9.860798e-07,2.000200e-04,2.753e-08,2.018e+02
1e+08,9.999715e-07,9.999706e-07,1.638564e+00,9.718e-07,1.639e+06
