amplitude_deg,T_over_T0_smallangle,T_over_T0_firstcorrection,T_over_T0_exact
0,1.00000,1.00000,1.00000
5,1.00000,1.00048,1.00048
10,1.00000,1.00190,1.00191
20,1.00000,1.00762,1.00767
30,1.00000,1.01714,1.01741
40,1.00000,1.03046,1.03135
45,1.00000,1.03855,1.03997
50,1.00000,1.04762,1.04978
60,1.00000,1.06854,1.07314
70,1.00000,1.09328,1.10200
80,1.00000,1.12184,1.13715
90,1.00000,1.15421,1.17984
100,1.00000,1.19040,1.23198
110,1.00000,1.23041,1.29661
120,1.00000,1.27424,1.37864
