step,x_in,y_4sf,y_6sf,y_truncated_round
1,1.234567,1.235,1.23457,0.000004
2,2.456789,2.457,2.45679,-0.000001
3,3.345678,3.346,3.34568,0.000003
4,4.567890,4.568,4.56789,0.000001
5,5.678901,5.679,5.67890,-0.000001
6,6.789012,6.789,6.78901,0.000002
7,7.890123,7.890,7.89012,0.000003
8,8.901234,8.901,8.90123,-0.000001
9,9.012345,9.012,9.01235,0.000002
10,1.023456,1.023,1.02346,0.000004
11,2.134567,2.135,2.13457,-0.000003
12,3.245678,3.246,3.24568,0.000002
total,55.286270,55.281,55.286260,0.000015
