reading,length_mm,temp_celsius
1,50.00121,20.10
2,50.00118,20.11
3,50.00124,20.12
4,50.00119,20.11
5,50.00122,20.10
6,50.00120,20.09
7,50.00123,20.11
8,50.00117,20.12
9,50.00125,20.13
10,50.00120,20.10
mean,50.00121,20.109
sd,0.00003,0.012
