T_C,p_sat_kPa,v_f_m3kg,v_g_m3kg,h_f_kJkg,h_g_kJkg,h_fg_kJkg,s_f_kJkgK,s_g_kJkgK
0.01,0.6117,0.001000,206.0,0.0,2500.9,2500.9,0.0000,9.1556
20,2.339,0.001002,57.76,83.9,2537.4,2453.5,0.2965,8.6661
50,12.35,0.001012,12.03,209.3,2591.3,2382.0,0.7038,8.0748
100,101.3,0.001043,1.6720,419.1,2675.6,2256.5,1.3069,7.3549
150,476.2,0.001091,0.3925,632.2,2745.9,2113.7,1.8418,6.8371
200,1555,0.001157,0.1272,852.3,2792.0,1939.7,2.3308,6.4302
250,3976,0.001252,0.05009,1085.8,2800.4,1714.6,2.7935,6.0721
300,8588,0.001404,0.02166,1345.0,2749.6,1404.6,3.2552,5.7044
374,22064,0.003106,0.003106,2084.3,2084.3,0.0,4.4070,4.4070
