x,true_exp_neg_x,direct_sum,rel_err_direct,stable_sum,rel_err_stable
5,6.737947e-03,6.737947e-03,1.231e-13,6.737947e-03,0.000e+00
10,4.539993e-05,4.539993e-05,2.028e-09,4.539993e-05,0.000e+00
20,2.061154e-09,6.147562e-09,1.983e+00,2.061154e-09,4.013e-16
30,9.357623e-14,6.103042e-06,6.522e+07,9.357623e-14,2.698e-16
40,4.248354e-18,3.116952e-01,7.337e+16,4.248354e-18,3.627e-16
