n,a_n,log2_a_n,asymptotic_line
0,1,0.000000,0.227520
1,2,1.000000,0.921762
2,3,1.584963,1.616004
3,5,2.321928,2.310246
4,8,3.000000,3.004487
5,13,3.700440,3.698729
6,21,4.392317,4.392971
7,34,5.087463,5.087213
8,55,5.781360,5.781455
9,89,6.475733,6.475697
10,144,7.169925,7.169939
11,233,7.864186,7.864181
12,377,8.558421,8.558423
