N,H_N,log_N_plus_gamma,difference
10,2.928968,2.879716,4.93e-02
100,5.187378,5.182384,4.99e-03
1000,7.485471,7.484971,5.00e-04
10000,9.787606,9.787556,5.00e-05
100000,12.090146,12.090141,5.00e-06
1000000,14.392727,14.392726,5.00e-07
