theta_deg,theta_rad,sin_exact,sin_T1,sin_T3,abs_err_T1,rel_err_T1,abs_err_T3,rel_err_T3,cos_exact,cos_T0,cos_T2,abs_err_T0_cos,abs_err_T2_cos
1,0.017453,0.017452,0.017453,0.017452,8.86e-08,5.08e-06,2.30e-15,1.32e-13,0.999848,1.000000,0.999848,1.52e-04,1.27e-09
5,0.087266,0.087156,0.087266,0.087156,1.11e-04,1.27e-03,3.45e-09,3.97e-08,0.996195,1.000000,0.996195,3.80e-03,7.94e-07
10,0.174533,0.173648,0.174533,0.173647,8.85e-04,5.10e-03,5.51e-07,3.17e-06,0.984808,1.000000,0.984770,1.52e-02,3.79e-05
25,0.436332,0.422618,0.436332,0.422485,1.37e-02,3.25e-02,1.33e-04,3.15e-04,0.906308,1.000000,0.904791,9.37e-02,1.52e-03
45,0.785398,0.707107,0.785398,0.704652,7.83e-02,1.11e-01,2.45e-03,3.47e-03,0.707107,1.000000,0.691575,2.93e-01,1.55e-02
60,1.047198,0.866025,1.047198,0.855861,1.81e-01,2.09e-01,1.02e-02,1.18e-02,0.500000,1.000000,0.451689,5.00e-01,4.83e-02
