T_C,p_sat_kPa,hf_kJ_kg,hfg_kJ_kg,hg_kJ_kg,sf_kJ_kgK,sfg_kJ_kgK,vf_m3_kg,vg_m3_kg
20,2.339,83.9,2453.5,2537.4,0.2965,8.3706,0.001002,57.762
40,7.384,167.5,2406.0,2573.5,0.5724,7.6845,0.001008,19.523
60,19.95,251.1,2358.5,2609.6,0.8312,7.0784,0.001017,7.667
80,47.39,335.0,2308.8,2643.8,1.0756,6.5355,0.001029,3.407
100,101.3,419.0,2257.0,2676.0,1.3069,6.0480,0.001043,1.673
120,198.5,503.7,2202.6,2706.3,1.5278,5.6020,0.001060,0.8919
150,476.2,632.2,2114.3,2746.5,1.8418,4.9960,0.001091,0.3928
